original_filename,new_filename,watermark_path,clean_path
photo-1638991420219-9829d4e7d134.jpg,image_0001.jpg,train/watermark/image_0001.jpg,train/no-watermark/image_0001.jpg
photo-1633354579313-7cbd8bba2641.jpg,image_0002.jpg,train/watermark/image_0002.jpg,train/no-watermark/image_0002.jpg
photo-1602485467114-f85820ce228f.jpg,image_0003.jpg,train/watermark/image_0003.jpg,train/no-watermark/image_0003.jpg
photo-1638989944427-6362efa3fc1a.jpg,image_0004.jpg,train/watermark/image_0004.jpg,train/no-watermark/image_0004.jpg
photo-1621609764095-b32bbe35cf3a.jpg,image_0005.jpg,train/watermark/image_0005.jpg,train/no-watermark/image_0005.jpg
photo-1552205526-7ad7c9aa94c7.jpg,image_0006.jpg,train/watermark/image_0006.jpg,train/no-watermark/image_0006.jpg
photo-1635286721033-e11cf9e632c4.jpg,image_0007.jpg,train/watermark/image_0007.jpg,train/no-watermark/image_0007.jpg
photo-1636027572844-0ef78ee54c6d.jpg,image_0008.jpg,train/watermark/image_0008.jpg,train/no-watermark/image_0008.jpg
photo-1628182488460-0d244f7440f2.jpg,image_0009.jpg,train/watermark/image_0009.jpg,train/no-watermark/image_0009.jpg
photo-1637754614390-11539bca3578.jpg,image_0010.jpg,train/watermark/image_0010.jpg,train/no-watermark/image_0010.jpg
photo-1635870224299-51d078291d54.jpg,image_0011.jpg,train/watermark/image_0011.jpg,train/no-watermark/image_0011.jpg
photo-1637406301895-1ca32a5d0a16.jpg,image_0012.jpg,train/watermark/image_0012.jpg,train/no-watermark/image_0012.jpg
photo-1635461742809-95b4f1365a7d.jpg,image_0013.jpg,train/watermark/image_0013.jpg,train/no-watermark/image_0013.jpg
photo-1638975928080-2a128460e7b1.jpg,image_0014.jpg,train/watermark/image_0014.jpg,train/no-watermark/image_0014.jpg
photo-1599420186946-7b6fb4e297f0.jpg,image_0015.jpg,train/watermark/image_0015.jpg,train/no-watermark/image_0015.jpg
photo-1636124462545-a03553f4a4d8.jpg,image_0016.jpg,train/watermark/image_0016.jpg,train/no-watermark/image_0016.jpg
photo-1636192677130-83a4cbd0f7d3.jpg,image_0017.jpg,train/watermark/image_0017.jpg,train/no-watermark/image_0017.jpg
photo-1593642702909-dec73df255d7.jpg,image_0018.jpg,train/watermark/image_0018.jpg,train/no-watermark/image_0018.jpg
photo-1638087857333-08ea9b5c30c0.jpg,image_0019.jpg,train/watermark/image_0019.jpg,train/no-watermark/image_0019.jpg
photo-1633113090286-3318ea2d24ae.jpg,image_0020.jpg,train/watermark/image_0020.jpg,train/no-watermark/image_0020.jpg
photo-1604900881431-781565ae8d91.jpg,image_0021.jpg,train/watermark/image_0021.jpg,train/no-watermark/image_0021.jpg
photo-1637677121980-6f39c0b61500.jpg,image_0022.jpg,train/watermark/image_0022.jpg,train/no-watermark/image_0022.jpg
photo-1638037143715-eac0b33d1003.jpg,image_0023.jpg,train/watermark/image_0023.jpg,train/no-watermark/image_0023.jpg
photo-1636059863611-aa0715fc9f48.jpg,image_0024.jpg,train/watermark/image_0024.jpg,train/no-watermark/image_0024.jpg
photo-1635315619556-5826839a1bea.jpg,image_0025.jpg,train/watermark/image_0025.jpg,train/no-watermark/image_0025.jpg
photo-1638153867870-daadae81acb5.jpg,image_0026.jpg,train/watermark/image_0026.jpg,train/no-watermark/image_0026.jpg
photo-1636114673156-052a83459fc1.jpg,image_0027.jpg,train/watermark/image_0027.jpg,train/no-watermark/image_0027.jpg
photo-1609738394507-57348ec4e540.jpg,image_0028.jpg,train/watermark/image_0028.jpg,train/no-watermark/image_0028.jpg
photo-1571215682742-561893604b40.jpg,image_0029.jpg,train/watermark/image_0029.jpg,train/no-watermark/image_0029.jpg
photo-1459255418679-d6424da9ee33.jpg,image_0030.jpg,train/watermark/image_0030.jpg,train/no-watermark/image_0030.jpg
photo-1635322430617-9eb8cdd12844.jpg,image_0031.jpg,train/watermark/image_0031.jpg,train/no-watermark/image_0031.jpg
photo-1638991591017-4c6689266bec.jpg,image_0032.jpg,train/watermark/image_0032.jpg,train/no-watermark/image_0032.jpg
photo-1634750089642-49e19037b78d.jpg,image_0033.jpg,train/watermark/image_0033.jpg,train/no-watermark/image_0033.jpg
photo-1635263864583-a8b424150e82.jpg,image_0034.jpg,train/watermark/image_0034.jpg,train/no-watermark/image_0034.jpg
photo-1635438731506-5dedcd48314c.jpg,image_0035.jpg,train/watermark/image_0035.jpg,train/no-watermark/image_0035.jpg
photo-1637637498218-44ad7c174ec5.jpg,image_0036.jpg,train/watermark/image_0036.jpg,train/no-watermark/image_0036.jpg
photo-1629067637999-d95d9182ab02.jpg,image_0037.jpg,train/watermark/image_0037.jpg,train/no-watermark/image_0037.jpg
photo-1637352569958-2f6a28679d3c.jpg,image_0038.jpg,train/watermark/image_0038.jpg,train/no-watermark/image_0038.jpg
photo-1633114074431-746f5b25ec85.jpg,image_0039.jpg,train/watermark/image_0039.jpg,train/no-watermark/image_0039.jpg
photo-1599420186946-7b6fb4e297f0 (1).jpg,image_0040.jpg,train/watermark/image_0040.jpg,train/no-watermark/image_0040.jpg
photo-1519778119555-47f8a0929968.jpg,image_0041.jpg,train/watermark/image_0041.jpg,train/no-watermark/image_0041.jpg
photo-1604948209002-73b1b0235ec9.jpg,image_0042.jpg,train/watermark/image_0042.jpg,train/no-watermark/image_0042.jpg
photo-1634244106844-107aa05a2df0.jpg,image_0043.jpg,train/watermark/image_0043.jpg,train/no-watermark/image_0043.jpg
photo-1638989420853-a6437f7a0d2c.jpg,image_0044.jpg,train/watermark/image_0044.jpg,train/no-watermark/image_0044.jpg
photo-1635087940500-bc49d0cd6d3a.jpg,image_0045.jpg,train/watermark/image_0045.jpg,train/no-watermark/image_0045.jpg
photo-1634470943030-8ceaff41a0ea.jpg,image_0046.jpg,train/watermark/image_0046.jpg,train/no-watermark/image_0046.jpg
photo-1608475381161-c2a19bdf165d.jpg,image_0047.jpg,train/watermark/image_0047.jpg,train/no-watermark/image_0047.jpg
photo-1639031931434-e2f52577b32b.jpg,image_0048.jpg,train/watermark/image_0048.jpg,train/no-watermark/image_0048.jpg
photo-1635955554711-f942bb828939.jpg,image_0049.jpg,train/watermark/image_0049.jpg,train/no-watermark/image_0049.jpg
photo-1636185580609-9a0cecbb7013.jpg,image_0050.jpg,train/watermark/image_0050.jpg,train/no-watermark/image_0050.jpg
photo-1634274685639-752302e49d97.jpg,image_0051.jpg,train/watermark/image_0051.jpg,train/no-watermark/image_0051.jpg
photo-1635965750082-d69c3e8b79bd.jpg,image_0052.jpg,train/watermark/image_0052.jpg,train/no-watermark/image_0052.jpg
photo-1633113088092-3460c3c9b13f.jpg,image_0053.jpg,train/watermark/image_0053.jpg,train/no-watermark/image_0053.jpg
photo-1635847858229-bf666ad5a698.jpg,image_0054.jpg,train/watermark/image_0054.jpg,train/no-watermark/image_0054.jpg
photo-1618158649544-83c93b97377d.jpg,image_0055.jpg,train/watermark/image_0055.jpg,train/no-watermark/image_0055.jpg
photo-1634422110169-f260f670c3e8.jpg,image_0056.jpg,train/watermark/image_0056.jpg,train/no-watermark/image_0056.jpg
photo-1572502006585-8d45f2d2c72b.jpg,image_0057.jpg,train/watermark/image_0057.jpg,train/no-watermark/image_0057.jpg
photo-1636642370467-93d378493021.jpg,image_0058.jpg,train/watermark/image_0058.jpg,train/no-watermark/image_0058.jpg
photo-1635179850659-da5451a9416c.jpg,image_0059.jpg,train/watermark/image_0059.jpg,train/no-watermark/image_0059.jpg
photo-1635343905663-28b198347d7b.jpg,image_0060.jpg,train/watermark/image_0060.jpg,train/no-watermark/image_0060.jpg
photo-1637446840508-190634a14976.jpg,image_0061.jpg,train/watermark/image_0061.jpg,train/no-watermark/image_0061.jpg
photo-1634307449316-e85197d0d4f9.jpg,image_0062.jpg,train/watermark/image_0062.jpg,train/no-watermark/image_0062.jpg
photo-1637436091686-048a80a8a50c.jpg,image_0063.jpg,train/watermark/image_0063.jpg,train/no-watermark/image_0063.jpg
photo-1635079959001-69736953f90f.jpg,image_0064.jpg,train/watermark/image_0064.jpg,train/no-watermark/image_0064.jpg
photo-1635248426315-4f4f4f1440ff.jpg,image_0065.jpg,train/watermark/image_0065.jpg,train/no-watermark/image_0065.jpg
photo-1637310925669-3bcd0a02ba10.jpg,image_0066.jpg,train/watermark/image_0066.jpg,train/no-watermark/image_0066.jpg
photo-1556648011-e01aca870a81.jpg,image_0067.jpg,train/watermark/image_0067.jpg,train/no-watermark/image_0067.jpg
photo-1606380588787-8df71f764c00.jpg,image_0068.jpg,train/watermark/image_0068.jpg,train/no-watermark/image_0068.jpg
photo-1635946918595-2ebb330f8fab.jpg,image_0069.jpg,train/watermark/image_0069.jpg,train/no-watermark/image_0069.jpg
photo-1509114397022-ed747cca3f65.jpg,image_0070.jpg,train/watermark/image_0070.jpg,train/no-watermark/image_0070.jpg
photo-1635452066377-6df9b3529b33.jpg,image_0071.jpg,train/watermark/image_0071.jpg,train/no-watermark/image_0071.jpg
photo-1635083096194-c741123da741.jpg,image_0072.jpg,train/watermark/image_0072.jpg,train/no-watermark/image_0072.jpg
photo-1637406303130-cf17cf5358da.jpg,image_0073.jpg,train/watermark/image_0073.jpg,train/no-watermark/image_0073.jpg
photo-1638115016574-f84d2e491df4.jpg,image_0074.jpg,train/watermark/image_0074.jpg,train/no-watermark/image_0074.jpg
photo-1557518016-20592fc7adbb.jpg,image_0075.jpg,train/watermark/image_0075.jpg,train/no-watermark/image_0075.jpg
photo-1637093500098-078c033893c0.jpg,image_0076.jpg,train/watermark/image_0076.jpg,train/no-watermark/image_0076.jpg
photo-1637684728060-6718af94f818.jpg,image_0077.jpg,train/watermark/image_0077.jpg,train/no-watermark/image_0077.jpg
photo-1636165815614-4ae073913f68.jpg,image_0078.jpg,train/watermark/image_0078.jpg,train/no-watermark/image_0078.jpg
photo-1612052828302-b10880f8e3db.jpg,image_0079.jpg,train/watermark/image_0079.jpg,train/no-watermark/image_0079.jpg
photo-1635344902053-3a9e4a5506d2.jpg,image_0080.jpg,train/watermark/image_0080.jpg,train/no-watermark/image_0080.jpg
photo-1637712088515-d729d807a7b2.jpg,image_0081.jpg,train/watermark/image_0081.jpg,train/no-watermark/image_0081.jpg
photo-1529218402470-5dec8fea0761.jpg,image_0082.jpg,train/watermark/image_0082.jpg,train/no-watermark/image_0082.jpg
photo-1633764088641-833af773e177.jpg,image_0083.jpg,train/watermark/image_0083.jpg,train/no-watermark/image_0083.jpg
photo-1636151191432-f2f290a57fd4.jpg,image_0084.jpg,train/watermark/image_0084.jpg,train/no-watermark/image_0084.jpg
photo-1634053672942-d291994da3dd.jpg,image_0085.jpg,train/watermark/image_0085.jpg,train/no-watermark/image_0085.jpg
photo-1635880624075-8d8815783c1c.jpg,image_0086.jpg,train/watermark/image_0086.jpg,train/no-watermark/image_0086.jpg
photo-1635846391361-188bd8eecc2d.jpg,image_0087.jpg,train/watermark/image_0087.jpg,train/no-watermark/image_0087.jpg
photo-1639048759545-07cdc2fc63e2.jpg,image_0088.jpg,train/watermark/image_0088.jpg,train/no-watermark/image_0088.jpg
photo-1633706351407-49fc9a63ff9e.jpg,image_0089.jpg,train/watermark/image_0089.jpg,train/no-watermark/image_0089.jpg
photo-1628255591287-2147e76fe3f0.jpg,image_0090.jpg,train/watermark/image_0090.jpg,train/no-watermark/image_0090.jpg
photo-1528549110781-c4a02df13cf8.jpg,image_0091.jpg,train/watermark/image_0091.jpg,train/no-watermark/image_0091.jpg
photo-1501446393885-828292b7670a.jpg,image_0092.jpg,train/watermark/image_0092.jpg,train/no-watermark/image_0092.jpg
photo-1619617345083-9f3857455d2e.jpg,image_0093.jpg,train/watermark/image_0093.jpg,train/no-watermark/image_0093.jpg
photo-1550686041-366ad85a1355.jpg,image_0094.jpg,train/watermark/image_0094.jpg,train/no-watermark/image_0094.jpg
photo-1593642634367-d91a135587b5.jpg,image_0095.jpg,train/watermark/image_0095.jpg,train/no-watermark/image_0095.jpg
photo-1599420186946-7b6fb4e297f0 (2).jpg,image_0096.jpg,train/watermark/image_0096.jpg,train/no-watermark/image_0096.jpg
photo-1538108149393-fbbd81895907.jpg,image_0097.jpg,train/watermark/image_0097.jpg,train/no-watermark/image_0097.jpg
photo-1631414832641-48449c53a59d.jpg,image_0098.jpg,train/watermark/image_0098.jpg,train/no-watermark/image_0098.jpg
photo-1590255504663-a4499750ef1e.jpg,image_0099.jpg,train/watermark/image_0099.jpg,train/no-watermark/image_0099.jpg
photo-1560851691-ebb64b584d3d.jpg,image_0100.jpg,train/watermark/image_0100.jpg,train/no-watermark/image_0100.jpg
photo-1637703283014-7c64ec1d7085.jpg,image_0101.jpg,train/watermark/image_0101.jpg,train/no-watermark/image_0101.jpg
photo-1636785427795-6d9efb889e8b.jpg,image_0102.jpg,train/watermark/image_0102.jpg,train/no-watermark/image_0102.jpg
photo-1635546037630-107f3f848257.jpg,image_0103.jpg,train/watermark/image_0103.jpg,train/no-watermark/image_0103.jpg
photo-1565138146061-e29b079736c0.jpg,image_0104.jpg,train/watermark/image_0104.jpg,train/no-watermark/image_0104.jpg
photo-1634644099092-734658d5e286.jpg,image_0105.jpg,train/watermark/image_0105.jpg,train/no-watermark/image_0105.jpg
photo-1635454022133-e287f3924950.jpg,image_0106.jpg,train/watermark/image_0106.jpg,train/no-watermark/image_0106.jpg
photo-1504194569341-48a2e831a3a7.jpg,image_0107.jpg,train/watermark/image_0107.jpg,train/no-watermark/image_0107.jpg
photo-1637468658667-119776ad6c54.jpg,image_0108.jpg,train/watermark/image_0108.jpg,train/no-watermark/image_0108.jpg
photo-1637740000367-e95c17dddcc4.jpg,image_0109.jpg,train/watermark/image_0109.jpg,train/no-watermark/image_0109.jpg
photo-1637320116287-afb702acb49f.jpg,image_0110.jpg,train/watermark/image_0110.jpg,train/no-watermark/image_0110.jpg
photo-1633884187493-7f2012547051.jpg,image_0111.jpg,train/watermark/image_0111.jpg,train/no-watermark/image_0111.jpg
photo-1635718213398-3bcd1a9ffcb7.jpg,image_0112.jpg,train/watermark/image_0112.jpg,train/no-watermark/image_0112.jpg
photo-1515023115689-589c33041d3c.jpg,image_0113.jpg,train/watermark/image_0113.jpg,train/no-watermark/image_0113.jpg
photo-1470058869958-2a77ade41c02.jpg,image_0114.jpg,train/watermark/image_0114.jpg,train/no-watermark/image_0114.jpg
photo-1579885487896-abc1a9ebb77b.jpg,image_0115.jpg,train/watermark/image_0115.jpg,train/no-watermark/image_0115.jpg
photo-1638990601165-25b17ae12f95.jpg,image_0116.jpg,train/watermark/image_0116.jpg,train/no-watermark/image_0116.jpg
photo-1639027225628-11003e28fb97.jpg,image_0117.jpg,train/watermark/image_0117.jpg,train/no-watermark/image_0117.jpg
photo-1637263793512-438e70642f3c.jpg,image_0118.jpg,train/watermark/image_0118.jpg,train/no-watermark/image_0118.jpg
photo-1638091990364-1b0e246b08d5.jpg,image_0119.jpg,train/watermark/image_0119.jpg,train/no-watermark/image_0119.jpg
photo-1635005492534-fb34f77c2202.jpg,image_0120.jpg,train/watermark/image_0120.jpg,train/no-watermark/image_0120.jpg
photo-1635913231119-7148f7c6ad8c.jpg,image_0121.jpg,train/watermark/image_0121.jpg,train/no-watermark/image_0121.jpg
photo-1635055658722-494d99b8aebd.jpg,image_0122.jpg,train/watermark/image_0122.jpg,train/no-watermark/image_0122.jpg
photo-1554124819-e6a2f5eed22b.jpg,image_0123.jpg,train/watermark/image_0123.jpg,train/no-watermark/image_0123.jpg
photo-1636138104978-dbe7042043fb.jpg,image_0124.jpg,train/watermark/image_0124.jpg,train/no-watermark/image_0124.jpg
photo-1635756837851-d3b6edbaa11c.jpg,image_0125.jpg,train/watermark/image_0125.jpg,train/no-watermark/image_0125.jpg
photo-1638989795059-f4dba0a3f291.jpg,image_0126.jpg,train/watermark/image_0126.jpg,train/no-watermark/image_0126.jpg
photo-1514396609188-7890859d5225.jpg,image_0127.jpg,train/watermark/image_0127.jpg,train/no-watermark/image_0127.jpg
photo-1569597408915-cb395eee98b0.jpg,image_0128.jpg,train/watermark/image_0128.jpg,train/no-watermark/image_0128.jpg
photo-1635195867433-590941c6e9c0.jpg,image_0129.jpg,train/watermark/image_0129.jpg,train/no-watermark/image_0129.jpg
photo-1638176373124-28142ef16c5b.jpg,image_0130.jpg,train/watermark/image_0130.jpg,train/no-watermark/image_0130.jpg
photo-1635179226026-d4b96f124eee.jpg,image_0131.jpg,train/watermark/image_0131.jpg,train/no-watermark/image_0131.jpg
photo-1616891722751-88755e4b44aa.jpg,image_0132.jpg,train/watermark/image_0132.jpg,train/no-watermark/image_0132.jpg
photo-1638984498411-345388047a8e.jpg,image_0133.jpg,train/watermark/image_0133.jpg,train/no-watermark/image_0133.jpg
photo-1634840844784-5e2e0485f8a6.jpg,image_0134.jpg,train/watermark/image_0134.jpg,train/no-watermark/image_0134.jpg
photo-1638975983437-2f5fea7540da.jpg,image_0135.jpg,train/watermark/image_0135.jpg,train/no-watermark/image_0135.jpg
photo-1636054348217-4ec0f1a5c27e.jpg,image_0136.jpg,train/watermark/image_0136.jpg,train/no-watermark/image_0136.jpg
photo-1635768882868-7ba5f453222d.jpg,image_0137.jpg,train/watermark/image_0137.jpg,train/no-watermark/image_0137.jpg
photo-1622120573848-718f49c359d5.jpg,image_0138.jpg,train/watermark/image_0138.jpg,train/no-watermark/image_0138.jpg
photo-1635348984009-cae8a5bfa11d.jpg,image_0139.jpg,train/watermark/image_0139.jpg,train/no-watermark/image_0139.jpg
photo-1631507467986-bc98ba4ed1b3.jpg,image_0140.jpg,train/watermark/image_0140.jpg,train/no-watermark/image_0140.jpg
photo-1636244411431-e4ac0ce7b52d.jpg,image_0141.jpg,train/watermark/image_0141.jpg,train/no-watermark/image_0141.jpg
photo-1635958030830-f0bbd21d919c.jpg,image_0142.jpg,train/watermark/image_0142.jpg,train/no-watermark/image_0142.jpg
photo-1638115275109-49c36d55b3a5.jpg,image_0143.jpg,train/watermark/image_0143.jpg,train/no-watermark/image_0143.jpg
photo-1635951485250-9e6e54bb896b.jpg,image_0144.jpg,train/watermark/image_0144.jpg,train/no-watermark/image_0144.jpg
photo-1636140095196-6cf5df0f7fe3.jpg,image_0145.jpg,train/watermark/image_0145.jpg,train/no-watermark/image_0145.jpg
photo-1634391058723-c125b22f3217.jpg,image_0146.jpg,train/watermark/image_0146.jpg,train/no-watermark/image_0146.jpg
photo-1638991662664-607e16a304e9.jpg,image_0147.jpg,train/watermark/image_0147.jpg,train/no-watermark/image_0147.jpg
photo-1635950533753-39e59a5a1d74.jpg,image_0148.jpg,train/watermark/image_0148.jpg,train/no-watermark/image_0148.jpg
photo-1633399207250-03324b6067a0.jpg,image_0149.jpg,train/watermark/image_0149.jpg,train/no-watermark/image_0149.jpg
photo-1638122661299-25d520eafe5e.jpg,image_0150.jpg,train/watermark/image_0150.jpg,train/no-watermark/image_0150.jpg
photo-1637966495649-c102312261c7.jpg,image_0151.jpg,train/watermark/image_0151.jpg,train/no-watermark/image_0151.jpg
photo-1639021110987-f8e727d5f43e.jpg,image_0152.jpg,train/watermark/image_0152.jpg,train/no-watermark/image_0152.jpg
photo-1633873298826-57c91633f832.jpg,image_0153.jpg,train/watermark/image_0153.jpg,train/no-watermark/image_0153.jpg
photo-1525531845240-05c911ed9940.jpg,image_0154.jpg,train/watermark/image_0154.jpg,train/no-watermark/image_0154.jpg
photo-1593642702749-b7d2a804fbcf.jpg,image_0155.jpg,train/watermark/image_0155.jpg,train/no-watermark/image_0155.jpg
photo-1638063174485-67f7bb1f2aae.jpg,image_0156.jpg,train/watermark/image_0156.jpg,train/no-watermark/image_0156.jpg
photo-1638981676264-8a590bdc42f8.jpg,image_0157.jpg,train/watermark/image_0157.jpg,train/no-watermark/image_0157.jpg
photo-1521706862577-47b053587f91.jpg,image_0158.jpg,train/watermark/image_0158.jpg,train/no-watermark/image_0158.jpg
photo-1633890623613-46ad488ff451.jpg,image_0159.jpg,train/watermark/image_0159.jpg,train/no-watermark/image_0159.jpg
photo-1540137779703-594db0107a4b.jpg,image_0160.jpg,train/watermark/image_0160.jpg,train/no-watermark/image_0160.jpg
photo-1511936606692-5e0d73f6b638.jpg,image_0161.jpg,train/watermark/image_0161.jpg,train/no-watermark/image_0161.jpg
photo-1635354454616-bbbe093f3165.jpg,image_0162.jpg,train/watermark/image_0162.jpg,train/no-watermark/image_0162.jpg
photo-1637275769153-b5fb9e5647f1.jpg,image_0163.jpg,train/watermark/image_0163.jpg,train/no-watermark/image_0163.jpg
photo-1638121944721-a08982ef122d.jpg,image_0164.jpg,train/watermark/image_0164.jpg,train/no-watermark/image_0164.jpg
photo-1637264812825-8b1ce6ccb0b9.jpg,image_0165.jpg,train/watermark/image_0165.jpg,train/no-watermark/image_0165.jpg
photo-1632303746677-8b9957f532ec.jpg,image_0166.jpg,train/watermark/image_0166.jpg,train/no-watermark/image_0166.jpg
photo-1623268202161-8c32c7e213cf.jpg,image_0167.jpg,train/watermark/image_0167.jpg,train/no-watermark/image_0167.jpg
photo-1634590430581-aabcbf1cf5fe.jpg,image_0168.jpg,train/watermark/image_0168.jpg,train/no-watermark/image_0168.jpg
photo-1625393470986-050241dfcc81.jpg,image_0169.jpg,train/watermark/image_0169.jpg,train/no-watermark/image_0169.jpg
photo-1620028193701-8e87306bb1d7.jpg,image_0170.jpg,train/watermark/image_0170.jpg,train/no-watermark/image_0170.jpg
photo-1634734887392-84f5af6766e5.jpg,image_0171.jpg,train/watermark/image_0171.jpg,train/no-watermark/image_0171.jpg
photo-1635967198465-853200fd84d0.jpg,image_0172.jpg,train/watermark/image_0172.jpg,train/no-watermark/image_0172.jpg
photo-1616793959465-34b21c240f60.jpg,image_0173.jpg,train/watermark/image_0173.jpg,train/no-watermark/image_0173.jpg
photo-1611728337177-89dfbbdc7a3a.jpg,image_0174.jpg,train/watermark/image_0174.jpg,train/no-watermark/image_0174.jpg
photo-1637966498264-3f5f732ecdc2.jpg,image_0175.jpg,train/watermark/image_0175.jpg,train/no-watermark/image_0175.jpg
photo-1639008941093-58210662b279.jpg,image_0176.jpg,train/watermark/image_0176.jpg,train/no-watermark/image_0176.jpg
photo-1635931907849-f2109d3aecf3.jpg,image_0177.jpg,train/watermark/image_0177.jpg,train/no-watermark/image_0177.jpg
photo-1461800919507-79b16743b257.jpg,image_0178.jpg,train/watermark/image_0178.jpg,train/no-watermark/image_0178.jpg
photo-1499195333224-3ce974eecb47.jpg,image_0179.jpg,train/watermark/image_0179.jpg,train/no-watermark/image_0179.jpg
photo-1534353436294-0dbd4bdac845.jpg,image_0180.jpg,train/watermark/image_0180.jpg,train/no-watermark/image_0180.jpg
photo-1637447032294-c3bbeada43f9.jpg,image_0181.jpg,train/watermark/image_0181.jpg,train/no-watermark/image_0181.jpg
photo-1517649763962-0c623066013b.jpg,image_0182.jpg,train/watermark/image_0182.jpg,train/no-watermark/image_0182.jpg
photo-1638122661212-0253f46bb978.jpg,image_0183.jpg,train/watermark/image_0183.jpg,train/no-watermark/image_0183.jpg
photo-1634842135325-3519b715a2a6.jpg,image_0184.jpg,train/watermark/image_0184.jpg,train/no-watermark/image_0184.jpg
photo-1605545255361-2e6bdc58ca55.jpg,image_0185.jpg,train/watermark/image_0185.jpg,train/no-watermark/image_0185.jpg
photo-1488900128323-21503983a07e.jpg,image_0186.jpg,train/watermark/image_0186.jpg,train/no-watermark/image_0186.jpg
photo-1558005137-d9619a5c539f.jpg,image_0187.jpg,train/watermark/image_0187.jpg,train/no-watermark/image_0187.jpg
photo-1631945387381-d83bbe39cb54.jpg,image_0188.jpg,train/watermark/image_0188.jpg,train/no-watermark/image_0188.jpg
photo-1635291215591-dc320946dddb.jpg,image_0189.jpg,train/watermark/image_0189.jpg,train/no-watermark/image_0189.jpg
photo-1636132644036-79b25423bce9.jpg,image_0190.jpg,train/watermark/image_0190.jpg,train/no-watermark/image_0190.jpg
photo-1636806961068-6d02a5d5e32c.jpg,image_0191.jpg,train/watermark/image_0191.jpg,train/no-watermark/image_0191.jpg
photo-1515592559813-3f7dff97e185.jpg,image_0192.jpg,train/watermark/image_0192.jpg,train/no-watermark/image_0192.jpg
photo-1637484581501-05bc3d6725be.jpg,image_0193.jpg,train/watermark/image_0193.jpg,train/no-watermark/image_0193.jpg
photo-1639001197863-d95742e45858.jpg,image_0194.jpg,train/watermark/image_0194.jpg,train/no-watermark/image_0194.jpg
photo-1574672280600-4accfa5b6f98.jpg,image_0195.jpg,train/watermark/image_0195.jpg,train/no-watermark/image_0195.jpg
photo-1637406305013-e1b0db816c34.jpg,image_0196.jpg,train/watermark/image_0196.jpg,train/no-watermark/image_0196.jpg
photo-1638985787285-46f05ff063f2.jpg,image_0197.jpg,train/watermark/image_0197.jpg,train/no-watermark/image_0197.jpg
photo-1635914741250-2391bd64f1ca.jpg,image_0198.jpg,train/watermark/image_0198.jpg,train/no-watermark/image_0198.jpg
photo-1471899236350-e3016bf1e69e.jpg,image_0199.jpg,train/watermark/image_0199.jpg,train/no-watermark/image_0199.jpg
photo-1637310929373-c21e999ffd2e.jpg,image_0200.jpg,train/watermark/image_0200.jpg,train/no-watermark/image_0200.jpg
photo-1637266702921-a2eae66c7f9d.jpg,image_0201.jpg,train/watermark/image_0201.jpg,train/no-watermark/image_0201.jpg
photo-1632664280478-6755fd5dafc1.jpg,image_0202.jpg,train/watermark/image_0202.jpg,train/no-watermark/image_0202.jpg
photo-1631698637575-f9445d7faa7d.jpg,image_0203.jpg,train/watermark/image_0203.jpg,train/no-watermark/image_0203.jpg
photo-1626303047287-5d712b21accc.jpg,image_0204.jpg,train/watermark/image_0204.jpg,train/no-watermark/image_0204.jpg
photo-1637434659088-cec7b7ea8646.jpg,image_0205.jpg,train/watermark/image_0205.jpg,train/no-watermark/image_0205.jpg
photo-1516638670706-e28e9118fa9a.jpg,image_0206.jpg,train/watermark/image_0206.jpg,train/no-watermark/image_0206.jpg
photo-1590912710024-6d51a6771abd.jpg,image_0207.jpg,train/watermark/image_0207.jpg,train/no-watermark/image_0207.jpg
photo-1576442849893-92c987a8ef80.jpg,image_0208.jpg,train/watermark/image_0208.jpg,train/no-watermark/image_0208.jpg
photo-1635949604307-42b5c2b5bdde.jpg,image_0209.jpg,train/watermark/image_0209.jpg,train/no-watermark/image_0209.jpg
photo-1638082676826-b3cde493af3b.jpg,image_0210.jpg,train/watermark/image_0210.jpg,train/no-watermark/image_0210.jpg
photo-1627110563676-7f534cbab296.jpg,image_0211.jpg,train/watermark/image_0211.jpg,train/no-watermark/image_0211.jpg
photo-1633113215719-e9cc39f594b2.jpg,image_0212.jpg,train/watermark/image_0212.jpg,train/no-watermark/image_0212.jpg
photo-1637478847587-1740c47f65dc.jpg,image_0213.jpg,train/watermark/image_0213.jpg,train/no-watermark/image_0213.jpg
photo-1638195157505-5a4b33446acb.jpg,image_0214.jpg,train/watermark/image_0214.jpg,train/no-watermark/image_0214.jpg
photo-1598805116430-4a0736a3114a.jpg,image_0215.jpg,train/watermark/image_0215.jpg,train/no-watermark/image_0215.jpg
photo-1636866764019-e230ab5c9d08.jpg,image_0216.jpg,train/watermark/image_0216.jpg,train/no-watermark/image_0216.jpg
photo-1520901311353-76c9032606fb.jpg,image_0217.jpg,train/watermark/image_0217.jpg,train/no-watermark/image_0217.jpg
photo-1633354581775-cf8c4c71361c.jpg,image_0218.jpg,train/watermark/image_0218.jpg,train/no-watermark/image_0218.jpg
photo-1599420186946-7b6fb4e297f0 (3).jpg,image_0219.jpg,train/watermark/image_0219.jpg,train/no-watermark/image_0219.jpg
photo-1637734433731-621aca1c8cb6.jpg,image_0220.jpg,train/watermark/image_0220.jpg,train/no-watermark/image_0220.jpg
photo-1636034625622-2a983466599e.jpg,image_0221.jpg,train/watermark/image_0221.jpg,train/no-watermark/image_0221.jpg
photo-1551106652-a5bcf4b29ab6.jpg,image_0222.jpg,train/watermark/image_0222.jpg,train/no-watermark/image_0222.jpg
photo-1635683844800-fe8473ac25c2.jpg,image_0223.jpg,train/watermark/image_0223.jpg,train/no-watermark/image_0223.jpg
photo-1635922454383-3138bb8ebae7.jpg,image_0224.jpg,train/watermark/image_0224.jpg,train/no-watermark/image_0224.jpg
photo-1634658602584-fbf13d8a5def.jpg,image_0225.jpg,train/watermark/image_0225.jpg,train/no-watermark/image_0225.jpg
photo-1633847365928-70abe71ec3e5.jpg,image_0226.jpg,train/watermark/image_0226.jpg,train/no-watermark/image_0226.jpg
photo-1637258977274-d5aeac876d6c.jpg,image_0227.jpg,train/watermark/image_0227.jpg,train/no-watermark/image_0227.jpg
photo-1638179346808-02785a7552e9.jpg,image_0228.jpg,train/watermark/image_0228.jpg,train/no-watermark/image_0228.jpg
photo-1638978443174-246d17bfb608.jpg,image_0229.jpg,train/watermark/image_0229.jpg,train/no-watermark/image_0229.jpg
photo-1636364081585-1d2d957d3295.jpg,image_0230.jpg,train/watermark/image_0230.jpg,train/no-watermark/image_0230.jpg
photo-1638047160224-5d692d9dc764.jpg,image_0231.jpg,train/watermark/image_0231.jpg,train/no-watermark/image_0231.jpg
photo-1636434593825-de7adbff82d1.jpg,image_0232.jpg,train/watermark/image_0232.jpg,train/no-watermark/image_0232.jpg
photo-1638533760719-81450c3cf1a0.jpg,image_0233.jpg,train/watermark/image_0233.jpg,train/no-watermark/image_0233.jpg
photo-1636123857822-e1c86b672db3.jpg,image_0234.jpg,train/watermark/image_0234.jpg,train/no-watermark/image_0234.jpg
photo-1615871154954-3a50b273dbf6.jpg,image_0235.jpg,train/watermark/image_0235.jpg,train/no-watermark/image_0235.jpg
photo-1637264294394-f45b4ec542f9.jpg,image_0236.jpg,train/watermark/image_0236.jpg,train/no-watermark/image_0236.jpg
photo-1634291934402-7968f44a2939.jpg,image_0237.jpg,train/watermark/image_0237.jpg,train/no-watermark/image_0237.jpg
photo-1607571183710-82fbb3b57f02.jpg,image_0238.jpg,train/watermark/image_0238.jpg,train/no-watermark/image_0238.jpg
photo-1630465515450-fd8eec42e228.jpg,image_0239.jpg,train/watermark/image_0239.jpg,train/no-watermark/image_0239.jpg
photo-1586773860418-d37222d8fce3.jpg,image_0240.jpg,train/watermark/image_0240.jpg,train/no-watermark/image_0240.jpg
photo-1471897488648-5eae4ac6686b.jpg,image_0241.jpg,train/watermark/image_0241.jpg,train/no-watermark/image_0241.jpg
photo-1638038925474-83bfbf1a7206.jpg,image_0242.jpg,train/watermark/image_0242.jpg,train/no-watermark/image_0242.jpg
photo-1638914964252-bf7ca2186a5b.jpg,image_0243.jpg,train/watermark/image_0243.jpg,train/no-watermark/image_0243.jpg
photo-1638191646677-707fca49a03e.jpg,image_0244.jpg,train/watermark/image_0244.jpg,train/no-watermark/image_0244.jpg
photo-1635058801600-9db79aff5ccc.jpg,image_0245.jpg,train/watermark/image_0245.jpg,train/no-watermark/image_0245.jpg
photo-1637472354251-1d4a3931ecd4.jpg,image_0246.jpg,train/watermark/image_0246.jpg,train/no-watermark/image_0246.jpg
photo-1637730827714-e673313b23fa.jpg,image_0247.jpg,train/watermark/image_0247.jpg,train/no-watermark/image_0247.jpg
photo-1638157546153-fe37f0886cd5.jpg,image_0248.jpg,train/watermark/image_0248.jpg,train/no-watermark/image_0248.jpg
photo-1635238803839-585b672c1407.jpg,image_0249.jpg,train/watermark/image_0249.jpg,train/no-watermark/image_0249.jpg
photo-1637996457841-a819a6046dd9.jpg,image_0250.jpg,train/watermark/image_0250.jpg,train/no-watermark/image_0250.jpg
photo-1634054368689-118c23f2b393.jpg,image_0251.jpg,train/watermark/image_0251.jpg,train/no-watermark/image_0251.jpg
photo-1638181017631-681188db55ee.jpg,image_0252.jpg,train/watermark/image_0252.jpg,train/no-watermark/image_0252.jpg
photo-1512351735230-a07ebdf5b5e1.jpg,image_0253.jpg,train/watermark/image_0253.jpg,train/no-watermark/image_0253.jpg
photo-1634662520758-4d22c890b486.jpg,image_0254.jpg,train/watermark/image_0254.jpg,train/no-watermark/image_0254.jpg
photo-1634467164575-74a2a342b43e.jpg,image_0255.jpg,train/watermark/image_0255.jpg,train/no-watermark/image_0255.jpg
photo-1637004253818-d3072efc73fe.jpg,image_0256.jpg,train/watermark/image_0256.jpg,train/no-watermark/image_0256.jpg
photo-1636142972514-0c75fc584a12.jpg,image_0257.jpg,train/watermark/image_0257.jpg,train/no-watermark/image_0257.jpg
photo-1635817301822-0f6fe9a4c0b2.jpg,image_0258.jpg,train/watermark/image_0258.jpg,train/no-watermark/image_0258.jpg
photo-1636110351301-dc7ab9025cd9.jpg,image_0259.jpg,train/watermark/image_0259.jpg,train/no-watermark/image_0259.jpg
photo-1636522337224-587680b3ca77.jpg,image_0260.jpg,train/watermark/image_0260.jpg,train/no-watermark/image_0260.jpg
photo-1634402795073-b491388bf6ee.jpg,image_0261.jpg,train/watermark/image_0261.jpg,train/no-watermark/image_0261.jpg
photo-1625120742520-3f085b6894ba.jpg,image_0262.jpg,train/watermark/image_0262.jpg,train/no-watermark/image_0262.jpg
photo-1497912300441-f9ab6a41008b.jpg,image_0263.jpg,train/watermark/image_0263.jpg,train/no-watermark/image_0263.jpg
photo-1635593701844-c54cec733034.jpg,image_0264.jpg,train/watermark/image_0264.jpg,train/no-watermark/image_0264.jpg
photo-1547574832-c6b67ae80f07.jpg,image_0265.jpg,train/watermark/image_0265.jpg,train/no-watermark/image_0265.jpg
photo-1638103991203-8269299e7614.jpg,image_0266.jpg,train/watermark/image_0266.jpg,train/no-watermark/image_0266.jpg
photo-1635333607240-1397692acdd2.jpg,image_0267.jpg,train/watermark/image_0267.jpg,train/no-watermark/image_0267.jpg
photo-1547979682-ee3acc7a3f13.jpg,image_0268.jpg,train/watermark/image_0268.jpg,train/no-watermark/image_0268.jpg
photo-1548010514-c6575cefcdcc.jpg,image_0269.jpg,train/watermark/image_0269.jpg,train/no-watermark/image_0269.jpg
photo-1518895949257-7621c3c786d7.jpg,image_0270.jpg,train/watermark/image_0270.jpg,train/no-watermark/image_0270.jpg
photo-1637311859464-5021233b7da5.jpg,image_0271.jpg,train/watermark/image_0271.jpg,train/no-watermark/image_0271.jpg
photo-1637704758245-ed126909d374.jpg,image_0272.jpg,train/watermark/image_0272.jpg,train/no-watermark/image_0272.jpg
photo-1633354580825-a97c20319206.jpg,image_0273.jpg,train/watermark/image_0273.jpg,train/no-watermark/image_0273.jpg
photo-1600037402813-d7f103d0cd05.jpg,image_0274.jpg,train/watermark/image_0274.jpg,train/no-watermark/image_0274.jpg
photo-1638062414145-e0dd0824d0b8.jpg,image_0275.jpg,train/watermark/image_0275.jpg,train/no-watermark/image_0275.jpg
photo-1627562369418-e7ccfc3958c8.jpg,image_0276.jpg,train/watermark/image_0276.jpg,train/no-watermark/image_0276.jpg
photo-1638963042203-e4fb5aee0d0b.jpg,image_0277.jpg,train/watermark/image_0277.jpg,train/no-watermark/image_0277.jpg
photo-1581456495146-65a71b2c8e52.jpg,image_0278.jpg,train/watermark/image_0278.jpg,train/no-watermark/image_0278.jpg
photo-1562374184-a71b175917b0.jpg,image_0279.jpg,train/watermark/image_0279.jpg,train/no-watermark/image_0279.jpg
photo-1638128711789-78d41417da4c.jpg,image_0280.jpg,train/watermark/image_0280.jpg,train/no-watermark/image_0280.jpg
photo-1635500574974-114cb4f49759.jpg,image_0281.jpg,train/watermark/image_0281.jpg,train/no-watermark/image_0281.jpg
photo-1634994479491-88608622277e.jpg,image_0282.jpg,train/watermark/image_0282.jpg,train/no-watermark/image_0282.jpg
photo-1639006190714-e063f3904cd3.jpg,image_0283.jpg,train/watermark/image_0283.jpg,train/no-watermark/image_0283.jpg
photo-1637773784127-d122fa45ae67.jpg,image_0284.jpg,train/watermark/image_0284.jpg,train/no-watermark/image_0284.jpg
photo-1635956541209-cae00c9481a8.jpg,image_0285.jpg,train/watermark/image_0285.jpg,train/no-watermark/image_0285.jpg
photo-1626443330298-6954c60c256e.jpg,image_0286.jpg,train/watermark/image_0286.jpg,train/no-watermark/image_0286.jpg
photo-1635965450325-db9599123c9b.jpg,image_0287.jpg,train/watermark/image_0287.jpg,train/no-watermark/image_0287.jpg
photo-1636232608962-24f337e66235.jpg,image_0288.jpg,train/watermark/image_0288.jpg,train/no-watermark/image_0288.jpg
photo-1633354585554-0f022d8a91dc.jpg,image_0289.jpg,train/watermark/image_0289.jpg,train/no-watermark/image_0289.jpg
photo-1637361973734-5faf9b1e923e.jpg,image_0290.jpg,train/watermark/image_0290.jpg,train/no-watermark/image_0290.jpg
photo-1634226363964-98187a7e55cf.jpg,image_0291.jpg,train/watermark/image_0291.jpg,train/no-watermark/image_0291.jpg
photo-1633083014872-cda3961842ec.jpg,image_0292.jpg,train/watermark/image_0292.jpg,train/no-watermark/image_0292.jpg
photo-1433162653888-a571db5ccccf.jpg,image_0293.jpg,train/watermark/image_0293.jpg,train/no-watermark/image_0293.jpg
photo-1610694308659-fd4340288ba7.jpg,image_0294.jpg,train/watermark/image_0294.jpg,train/no-watermark/image_0294.jpg
photo-1637770858043-f309562b1905.jpg,image_0295.jpg,train/watermark/image_0295.jpg,train/no-watermark/image_0295.jpg
photo-1637441047022-1c3f9c9e3e8b.jpg,image_0296.jpg,train/watermark/image_0296.jpg,train/no-watermark/image_0296.jpg
photo-1497215728101-856f4ea42174.jpg,image_0297.jpg,train/watermark/image_0297.jpg,train/no-watermark/image_0297.jpg
photo-1638976176601-a8b643686da6.jpg,image_0298.jpg,train/watermark/image_0298.jpg,train/no-watermark/image_0298.jpg
photo-1554570731-63bcddda4dcd.jpg,image_0299.jpg,train/watermark/image_0299.jpg,train/no-watermark/image_0299.jpg
photo-1637466828537-8124def82012.jpg,image_0300.jpg,train/watermark/image_0300.jpg,train/no-watermark/image_0300.jpg
photo-1637772616217-eca580aee9c3.jpg,image_0301.jpg,train/watermark/image_0301.jpg,train/no-watermark/image_0301.jpg
photo-1635792415856-dd608995bcd5.jpg,image_0302.jpg,train/watermark/image_0302.jpg,train/no-watermark/image_0302.jpg
photo-1496449903678-68ddcb189a24.jpg,image_0303.jpg,train/watermark/image_0303.jpg,train/no-watermark/image_0303.jpg
photo-1541480333465-b09786ad8ac6.jpg,image_0304.jpg,train/watermark/image_0304.jpg,train/no-watermark/image_0304.jpg
photo-1600288214715-7c9e3127c3c2.jpg,image_0305.jpg,train/watermark/image_0305.jpg,train/no-watermark/image_0305.jpg
photo-1577268173819-d36a3378f8d8.jpg,image_0306.jpg,train/watermark/image_0306.jpg,train/no-watermark/image_0306.jpg
photo-1635994481056-72caf67341dd.jpg,image_0307.jpg,train/watermark/image_0307.jpg,train/no-watermark/image_0307.jpg
photo-1569174237922-5689ad487104.jpg,image_0308.jpg,train/watermark/image_0308.jpg,train/no-watermark/image_0308.jpg
photo-1636015348041-cea51783d2ec.jpg,image_0309.jpg,train/watermark/image_0309.jpg,train/no-watermark/image_0309.jpg
photo-1637262448017-0fbbec87a898.jpg,image_0310.jpg,train/watermark/image_0310.jpg,train/no-watermark/image_0310.jpg
photo-1638929784955-4e765511b5d9.jpg,image_0311.jpg,train/watermark/image_0311.jpg,train/no-watermark/image_0311.jpg
photo-1635941607659-ab0159f89611.jpg,image_0312.jpg,train/watermark/image_0312.jpg,train/no-watermark/image_0312.jpg
photo-1639033302448-1b98bbf802bf.jpg,image_0313.jpg,train/watermark/image_0313.jpg,train/no-watermark/image_0313.jpg
photo-1632175169571-2b12d9709fee.jpg,image_0314.jpg,train/watermark/image_0314.jpg,train/no-watermark/image_0314.jpg
photo-1630493391413-d96641b10a97.jpg,image_0315.jpg,train/watermark/image_0315.jpg,train/no-watermark/image_0315.jpg
photo-1543952533-1152a7c1a39c.jpg,image_0316.jpg,train/watermark/image_0316.jpg,train/no-watermark/image_0316.jpg
photo-1610428987046-6e3c12f9d0fe.jpg,image_0317.jpg,train/watermark/image_0317.jpg,train/no-watermark/image_0317.jpg
photo-1622818171279-fe0b6a336835.jpg,image_0318.jpg,train/watermark/image_0318.jpg,train/no-watermark/image_0318.jpg
photo-1638115311992-494f8d1d858b.jpg,image_0319.jpg,train/watermark/image_0319.jpg,train/no-watermark/image_0319.jpg
photo-1636100316656-c50ac55abe92.jpg,image_0320.jpg,train/watermark/image_0320.jpg,train/no-watermark/image_0320.jpg
photo-1558090056-c994bfb27e14.jpg,image_0321.jpg,train/watermark/image_0321.jpg,train/no-watermark/image_0321.jpg
photo-1638988319382-90e61be77c59.jpg,image_0322.jpg,train/watermark/image_0322.jpg,train/no-watermark/image_0322.jpg
photo-1637580981126-881fd2ce493f.jpg,image_0323.jpg,train/watermark/image_0323.jpg,train/no-watermark/image_0323.jpg
photo-1635458900336-f8737794ce4e.jpg,image_0324.jpg,train/watermark/image_0324.jpg,train/no-watermark/image_0324.jpg
photo-1637461979290-120a2d8e5de5.jpg,image_0325.jpg,train/watermark/image_0325.jpg,train/no-watermark/image_0325.jpg
photo-1618969322232-92a7aa295ce1.jpg,image_0326.jpg,train/watermark/image_0326.jpg,train/no-watermark/image_0326.jpg
photo-1608516679567-092f1139f4e8.jpg,image_0327.jpg,train/watermark/image_0327.jpg,train/no-watermark/image_0327.jpg
photo-1639046380152-8603868f2e6a.jpg,image_0328.jpg,train/watermark/image_0328.jpg,train/no-watermark/image_0328.jpg
photo-1637310917417-a270927f4fba.jpg,image_0329.jpg,train/watermark/image_0329.jpg,train/no-watermark/image_0329.jpg
photo-1636232608972-426a145d3752.jpg,image_0330.jpg,train/watermark/image_0330.jpg,train/no-watermark/image_0330.jpg
photo-1638193625184-fd7b6d313eb9.jpg,image_0331.jpg,train/watermark/image_0331.jpg,train/no-watermark/image_0331.jpg
photo-1632319096602-0f424d4a47f5.jpg,image_0332.jpg,train/watermark/image_0332.jpg,train/no-watermark/image_0332.jpg
photo-1639011868611-395bc54fb2d5.jpg,image_0333.jpg,train/watermark/image_0333.jpg,train/no-watermark/image_0333.jpg
photo-1633490822755-2483d81cab8a.jpg,image_0334.jpg,train/watermark/image_0334.jpg,train/no-watermark/image_0334.jpg
photo-1635994449857-0ead6ac27eb9.jpg,image_0335.jpg,train/watermark/image_0335.jpg,train/no-watermark/image_0335.jpg
photo-1533335121856-52d185e85ec1.jpg,image_0336.jpg,train/watermark/image_0336.jpg,train/no-watermark/image_0336.jpg
photo-1633113212875-8ecf30ad2e81.jpg,image_0337.jpg,train/watermark/image_0337.jpg,train/no-watermark/image_0337.jpg
photo-1637338740872-f2c1979a264f.jpg,image_0338.jpg,train/watermark/image_0338.jpg,train/no-watermark/image_0338.jpg
photo-1620567838034-f32ee85818aa.jpg,image_0339.jpg,train/watermark/image_0339.jpg,train/no-watermark/image_0339.jpg
photo-1545063914-a1a6ec821c88.jpg,image_0340.jpg,train/watermark/image_0340.jpg,train/no-watermark/image_0340.jpg
photo-1637580680025-8cf56a0f0c63.jpg,image_0341.jpg,train/watermark/image_0341.jpg,train/no-watermark/image_0341.jpg
photo-1637464947514-e2dfc95c5f86.jpg,image_0342.jpg,train/watermark/image_0342.jpg,train/no-watermark/image_0342.jpg
photo-1628498048001-2f4635107dbc.jpg,image_0343.jpg,train/watermark/image_0343.jpg,train/no-watermark/image_0343.jpg
photo-1635512845522-9ac2bf78efae.jpg,image_0344.jpg,train/watermark/image_0344.jpg,train/no-watermark/image_0344.jpg
photo-1638176096256-47c8b2a03d65.jpg,image_0345.jpg,train/watermark/image_0345.jpg,train/no-watermark/image_0345.jpg
photo-1635860219388-679615753997.jpg,image_0346.jpg,train/watermark/image_0346.jpg,train/no-watermark/image_0346.jpg
photo-1638990590633-f67f3a8dbed5.jpg,image_0347.jpg,train/watermark/image_0347.jpg,train/no-watermark/image_0347.jpg
photo-1637269428203-8d38cf3409dc.jpg,image_0348.jpg,train/watermark/image_0348.jpg,train/no-watermark/image_0348.jpg
photo-1635959565667-aeb00a4297ba.jpg,image_0349.jpg,train/watermark/image_0349.jpg,train/no-watermark/image_0349.jpg
photo-1612966809559-dac0bed38b6a.jpg,image_0350.jpg,train/watermark/image_0350.jpg,train/no-watermark/image_0350.jpg
photo-1544038659-12337883d216.jpg,image_0351.jpg,train/watermark/image_0351.jpg,train/no-watermark/image_0351.jpg
photo-1638825183364-01e8b64b00e0.jpg,image_0352.jpg,train/watermark/image_0352.jpg,train/no-watermark/image_0352.jpg
photo-1635866869385-fabb68f0dea0.jpg,image_0353.jpg,train/watermark/image_0353.jpg,train/no-watermark/image_0353.jpg
photo-1635807012936-540d20f59e34.jpg,image_0354.jpg,train/watermark/image_0354.jpg,train/no-watermark/image_0354.jpg
photo-1634148529256-c4eea4b56aab.jpg,image_0355.jpg,train/watermark/image_0355.jpg,train/no-watermark/image_0355.jpg
photo-1628193826226-a7c781daa6c1.jpg,image_0356.jpg,train/watermark/image_0356.jpg,train/no-watermark/image_0356.jpg
photo-1636106020064-2658eb589d36.jpg,image_0357.jpg,train/watermark/image_0357.jpg,train/no-watermark/image_0357.jpg
photo-1635259351767-8317d3ff988e.jpg,image_0358.jpg,train/watermark/image_0358.jpg,train/no-watermark/image_0358.jpg
photo-1637477163994-5e7ecec1553b.jpg,image_0359.jpg,train/watermark/image_0359.jpg,train/no-watermark/image_0359.jpg
photo-1634003308715-7f3b46638942.jpg,image_0360.jpg,train/watermark/image_0360.jpg,train/no-watermark/image_0360.jpg
photo-1600358360892-dc1d87cf6a60.jpg,image_0361.jpg,train/watermark/image_0361.jpg,train/no-watermark/image_0361.jpg
photo-1461896836934-ffe607ba8211.jpg,image_0362.jpg,train/watermark/image_0362.jpg,train/no-watermark/image_0362.jpg
photo-1524758631624-e2822e304c36.jpg,image_0363.jpg,train/watermark/image_0363.jpg,train/no-watermark/image_0363.jpg
photo-1636355761620-712e88f86ade.jpg,image_0364.jpg,train/watermark/image_0364.jpg,train/no-watermark/image_0364.jpg
photo-1564369790608-e7fefe819dec.jpg,image_0365.jpg,train/watermark/image_0365.jpg,train/no-watermark/image_0365.jpg
photo-1638108799408-81959640913e.jpg,image_0366.jpg,train/watermark/image_0366.jpg,train/no-watermark/image_0366.jpg
photo-1635262543956-948245c215d3.jpg,image_0367.jpg,train/watermark/image_0367.jpg,train/no-watermark/image_0367.jpg
photo-1624352310258-fc59036a947c.jpg,image_0368.jpg,train/watermark/image_0368.jpg,train/no-watermark/image_0368.jpg
photo-1606512072892-e7b92d25f91a.jpg,image_0369.jpg,train/watermark/image_0369.jpg,train/no-watermark/image_0369.jpg
photo-1638075241360-a6550ef0ade9.jpg,image_0370.jpg,train/watermark/image_0370.jpg,train/no-watermark/image_0370.jpg
photo-1636307777555-fdb6f5e71b23.jpg,image_0371.jpg,train/watermark/image_0371.jpg,train/no-watermark/image_0371.jpg
photo-1458571037713-913d8b481dc6.jpg,image_0372.jpg,train/watermark/image_0372.jpg,train/no-watermark/image_0372.jpg
photo-1636181319910-5ad366ca8d36.jpg,image_0373.jpg,train/watermark/image_0373.jpg,train/no-watermark/image_0373.jpg
photo-1541086263351-627c0c6999aa.jpg,image_0374.jpg,train/watermark/image_0374.jpg,train/no-watermark/image_0374.jpg
photo-1637045486754-92ebb723eef9.jpg,image_0375.jpg,train/watermark/image_0375.jpg,train/no-watermark/image_0375.jpg
photo-1635514695347-05806de5be33.jpg,image_0376.jpg,train/watermark/image_0376.jpg,train/no-watermark/image_0376.jpg
photo-1636103985654-94c26914460a.jpg,image_0377.jpg,train/watermark/image_0377.jpg,train/no-watermark/image_0377.jpg
photo-1635355435138-16c1fa22ad9f.jpg,image_0378.jpg,train/watermark/image_0378.jpg,train/no-watermark/image_0378.jpg
photo-1636122436351-e36772ee8876.jpg,image_0379.jpg,train/watermark/image_0379.jpg,train/no-watermark/image_0379.jpg
photo-1636126175692-ef9f1d41a038.jpg,image_0380.jpg,train/watermark/image_0380.jpg,train/no-watermark/image_0380.jpg
photo-1638115684794-0d6b902057d9.jpg,image_0381.jpg,train/watermark/image_0381.jpg,train/no-watermark/image_0381.jpg
photo-1633541180946-f488fac73a3a.jpg,image_0382.jpg,train/watermark/image_0382.jpg,train/no-watermark/image_0382.jpg
photo-1636138389505-cbe6304db246.jpg,image_0383.jpg,train/watermark/image_0383.jpg,train/no-watermark/image_0383.jpg
photo-1541252260730-0412e8e2108e.jpg,image_0384.jpg,train/watermark/image_0384.jpg,train/no-watermark/image_0384.jpg
photo-1639008941188-49dbd16179c0.jpg,image_0385.jpg,train/watermark/image_0385.jpg,train/no-watermark/image_0385.jpg
photo-1636143135393-2f68f6d360da.jpg,image_0386.jpg,train/watermark/image_0386.jpg,train/no-watermark/image_0386.jpg
photo-1634060690089-7df40b25cf84.jpg,image_0387.jpg,train/watermark/image_0387.jpg,train/no-watermark/image_0387.jpg
photo-1623494030543-2ef3fd71e8c2.jpg,image_0388.jpg,train/watermark/image_0388.jpg,train/no-watermark/image_0388.jpg
photo-1635998230603-c1ed2dfafdf5.jpg,image_0389.jpg,train/watermark/image_0389.jpg,train/no-watermark/image_0389.jpg
photo-1592724944475-94f92ee13664.jpg,image_0390.jpg,train/watermark/image_0390.jpg,train/no-watermark/image_0390.jpg
photo-1557720667-093b45dde7b9.jpg,image_0391.jpg,train/watermark/image_0391.jpg,train/no-watermark/image_0391.jpg
photo-1550651672-e5f43068b885.jpg,image_0392.jpg,train/watermark/image_0392.jpg,train/no-watermark/image_0392.jpg
photo-1636139565467-fa3e429261ad.jpg,image_0393.jpg,train/watermark/image_0393.jpg,train/no-watermark/image_0393.jpg
photo-1524526967094-4448faba6b81.jpg,image_0394.jpg,train/watermark/image_0394.jpg,train/no-watermark/image_0394.jpg
photo-1561712815-ca8c24faa5b5.jpg,image_0395.jpg,train/watermark/image_0395.jpg,train/no-watermark/image_0395.jpg
photo-1636137088104-ab8cbb30d645.jpg,image_0396.jpg,train/watermark/image_0396.jpg,train/no-watermark/image_0396.jpg
photo-1635924941939-2b58521c61fa.jpg,image_0397.jpg,train/watermark/image_0397.jpg,train/no-watermark/image_0397.jpg
photo-1627269817325-8da9fc719c29.jpg,image_0398.jpg,train/watermark/image_0398.jpg,train/no-watermark/image_0398.jpg
photo-1636127321340-4380c87936f8.jpg,image_0399.jpg,train/watermark/image_0399.jpg,train/no-watermark/image_0399.jpg
photo-1635960778857-dce46e4bc6a1.jpg,image_0400.jpg,train/watermark/image_0400.jpg,train/no-watermark/image_0400.jpg
photo-1499636136210-6f4ee915583e.jpg,image_0401.jpg,train/watermark/image_0401.jpg,train/no-watermark/image_0401.jpg
photo-1636014470337-fd160bee5530.jpg,image_0402.jpg,train/watermark/image_0402.jpg,train/no-watermark/image_0402.jpg
photo-1634299487302-954595148a80.jpg,image_0403.jpg,train/watermark/image_0403.jpg,train/no-watermark/image_0403.jpg
photo-1636093666353-a550fa61150c.jpg,image_0404.jpg,train/watermark/image_0404.jpg,train/no-watermark/image_0404.jpg
photo-1631884284118-a53ef8540111.jpg,image_0405.jpg,train/watermark/image_0405.jpg,train/no-watermark/image_0405.jpg
photo-1588467850695-a898367ce465.jpg,image_0406.jpg,train/watermark/image_0406.jpg,train/no-watermark/image_0406.jpg
photo-1638130419943-1242ff0300bf.jpg,image_0407.jpg,train/watermark/image_0407.jpg,train/no-watermark/image_0407.jpg
photo-1635484868888-f29fe141733a.jpg,image_0408.jpg,train/watermark/image_0408.jpg,train/no-watermark/image_0408.jpg
photo-1636069657113-af63a5aca1b2.jpg,image_0409.jpg,train/watermark/image_0409.jpg,train/no-watermark/image_0409.jpg
photo-1635960778807-ff898f036487.jpg,image_0410.jpg,train/watermark/image_0410.jpg,train/no-watermark/image_0410.jpg
photo-1637179709448-e03199d05f6e.jpg,image_0411.jpg,train/watermark/image_0411.jpg,train/no-watermark/image_0411.jpg
photo-1636136569435-d8221eb684bb.jpg,image_0412.jpg,train/watermark/image_0412.jpg,train/no-watermark/image_0412.jpg
photo-1516747773440-e114ee0d3c07.jpg,image_0413.jpg,train/watermark/image_0413.jpg,train/no-watermark/image_0413.jpg
photo-1637386755860-438286f0c242.jpg,image_0414.jpg,train/watermark/image_0414.jpg,train/no-watermark/image_0414.jpg
photo-1636137706326-55d36e8dd698.jpg,image_0415.jpg,train/watermark/image_0415.jpg,train/no-watermark/image_0415.jpg
photo-1638148979208-32bab8e7b449.jpg,image_0416.jpg,train/watermark/image_0416.jpg,train/no-watermark/image_0416.jpg
photo-1627844718641-f3bda7d6050b.jpg,image_0417.jpg,train/watermark/image_0417.jpg,train/no-watermark/image_0417.jpg
photo-1636126175948-96ccc89b9c45.jpg,image_0418.jpg,train/watermark/image_0418.jpg,train/no-watermark/image_0418.jpg
photo-1633955810370-0bbcbdba3e5f.jpg,image_0419.jpg,train/watermark/image_0419.jpg,train/no-watermark/image_0419.jpg
photo-1636119829557-811b68e52981.jpg,image_0420.jpg,train/watermark/image_0420.jpg,train/no-watermark/image_0420.jpg
photo-1634521991558-a1f4dbd641db.jpg,image_0421.jpg,train/watermark/image_0421.jpg,train/no-watermark/image_0421.jpg
photo-1635417310384-4a7d54255edd.jpg,image_0422.jpg,train/watermark/image_0422.jpg,train/no-watermark/image_0422.jpg
photo-1485550409059-9afb054cada4.jpg,image_0423.jpg,train/watermark/image_0423.jpg,train/no-watermark/image_0423.jpg
photo-1634589327639-97c05eb56a82.jpg,image_0424.jpg,train/watermark/image_0424.jpg,train/no-watermark/image_0424.jpg
photo-1637309194017-8ac73fa46c92.jpg,image_0425.jpg,train/watermark/image_0425.jpg,train/no-watermark/image_0425.jpg
photo-1637271119937-5852df38427a.jpg,image_0426.jpg,train/watermark/image_0426.jpg,train/no-watermark/image_0426.jpg
photo-1638068969707-4642a41e901c.jpg,image_0427.jpg,train/watermark/image_0427.jpg,train/no-watermark/image_0427.jpg
photo-1525950585137-7ccabbf3ed62.jpg,image_0428.jpg,train/watermark/image_0428.jpg,train/no-watermark/image_0428.jpg
photo-1637758180067-71d95d566a9e.jpg,image_0429.jpg,train/watermark/image_0429.jpg,train/no-watermark/image_0429.jpg
photo-1633114127408-af671c774b39.jpg,image_0430.jpg,train/watermark/image_0430.jpg,train/no-watermark/image_0430.jpg
photo-1552679978-f908a45fb2d8.jpg,image_0431.jpg,train/watermark/image_0431.jpg,train/no-watermark/image_0431.jpg
photo-1633113214186-9f1e186498fe.jpg,image_0432.jpg,train/watermark/image_0432.jpg,train/no-watermark/image_0432.jpg
photo-1568858989121-ac417bc11135.jpg,image_0433.jpg,train/watermark/image_0433.jpg,train/no-watermark/image_0433.jpg
photo-1635406726707-a25a0dbc2e14.jpg,image_0434.jpg,train/watermark/image_0434.jpg,train/no-watermark/image_0434.jpg
photo-1524639099061-f8beec2b7538.jpg,image_0435.jpg,train/watermark/image_0435.jpg,train/no-watermark/image_0435.jpg
photo-1638039363096-71dc00d7bd3c.jpg,image_0436.jpg,train/watermark/image_0436.jpg,train/no-watermark/image_0436.jpg
photo-1637045713939-321b2bc8ed88.jpg,image_0437.jpg,train/watermark/image_0437.jpg,train/no-watermark/image_0437.jpg
photo-1636137704901-d6101311dc62.jpg,image_0438.jpg,train/watermark/image_0438.jpg,train/no-watermark/image_0438.jpg
photo-1635179241102-122e36d12c47.jpg,image_0439.jpg,train/watermark/image_0439.jpg,train/no-watermark/image_0439.jpg
photo-1633320937203-96a957d0f85b.jpg,image_0440.jpg,train/watermark/image_0440.jpg,train/no-watermark/image_0440.jpg
photo-1638088652284-bd605e73d56e.jpg,image_0441.jpg,train/watermark/image_0441.jpg,train/no-watermark/image_0441.jpg
photo-1638885912790-84ec37bf7c37.jpg,image_0442.jpg,train/watermark/image_0442.jpg,train/no-watermark/image_0442.jpg
photo-1637260228557-a1a7810b991f.jpg,image_0443.jpg,train/watermark/image_0443.jpg,train/no-watermark/image_0443.jpg
photo-1635962184150-1466129b1127.jpg,image_0444.jpg,train/watermark/image_0444.jpg,train/no-watermark/image_0444.jpg
photo-1627642494854-68c8a0779fce.jpg,image_0445.jpg,train/watermark/image_0445.jpg,train/no-watermark/image_0445.jpg
photo-1637088533459-253592eb65be.jpg,image_0446.jpg,train/watermark/image_0446.jpg,train/no-watermark/image_0446.jpg
photo-1620921575116-fb8902865f81.jpg,image_0447.jpg,train/watermark/image_0447.jpg,train/no-watermark/image_0447.jpg
photo-1636189395464-c277f6f6f8ad.jpg,image_0448.jpg,train/watermark/image_0448.jpg,train/no-watermark/image_0448.jpg
photo-1634698046213-54daa6bf25ff.jpg,image_0449.jpg,train/watermark/image_0449.jpg,train/no-watermark/image_0449.jpg
photo-1618447977868-d26948d88c89.jpg,image_0450.jpg,train/watermark/image_0450.jpg,train/no-watermark/image_0450.jpg
photo-1638041525795-a93bf22559b3.jpg,image_0451.jpg,train/watermark/image_0451.jpg,train/no-watermark/image_0451.jpg
photo-1636105146585-65a51b472c7e.jpg,image_0452.jpg,train/watermark/image_0452.jpg,train/no-watermark/image_0452.jpg
photo-1638137392998-cd8a1b4775b8.jpg,image_0453.jpg,train/watermark/image_0453.jpg,train/no-watermark/image_0453.jpg
photo-1585042644206-9d9ae9811e37.jpg,image_0454.jpg,train/watermark/image_0454.jpg,train/no-watermark/image_0454.jpg
photo-1636725691774-e9c7cfb150ab.jpg,image_0455.jpg,train/watermark/image_0455.jpg,train/no-watermark/image_0455.jpg
photo-1636886519725-6a048800b5b4.jpg,image_0456.jpg,train/watermark/image_0456.jpg,train/no-watermark/image_0456.jpg
photo-1637274503062-bceca456c9bd.jpg,image_0457.jpg,train/watermark/image_0457.jpg,train/no-watermark/image_0457.jpg
photo-1637441210934-cea27d639b0e.jpg,image_0458.jpg,train/watermark/image_0458.jpg,train/no-watermark/image_0458.jpg
photo-1638825604377-f43bddfbd8fb.jpg,image_0459.jpg,train/watermark/image_0459.jpg,train/no-watermark/image_0459.jpg
photo-1637305500355-a3f11172cc19.jpg,image_0460.jpg,train/watermark/image_0460.jpg,train/no-watermark/image_0460.jpg
photo-1637762646936-29b68cd6670d.jpg,image_0461.jpg,train/watermark/image_0461.jpg,train/no-watermark/image_0461.jpg
photo-1624475640396-1e4a892c7d3a.jpg,image_0462.jpg,train/watermark/image_0462.jpg,train/no-watermark/image_0462.jpg
photo-1635702961555-8c700d0c79f0.jpg,image_0463.jpg,train/watermark/image_0463.jpg,train/no-watermark/image_0463.jpg
photo-1638108820168-77c13bd437bd.jpg,image_0464.jpg,train/watermark/image_0464.jpg,train/no-watermark/image_0464.jpg
photo-1633209431128-b469b5640d1e.jpg,image_0465.jpg,train/watermark/image_0465.jpg,train/no-watermark/image_0465.jpg
photo-1637680882990-f425ed78da0f.jpg,image_0466.jpg,train/watermark/image_0466.jpg,train/no-watermark/image_0466.jpg
photo-1557517395-f8dff7f191e7.jpg,image_0467.jpg,train/watermark/image_0467.jpg,train/no-watermark/image_0467.jpg
photo-1637262067120-e91737ed40a0.jpg,image_0468.jpg,train/watermark/image_0468.jpg,train/no-watermark/image_0468.jpg
photo-1553272725-086100aecf5e (1).jpg,image_0469.jpg,train/watermark/image_0469.jpg,train/no-watermark/image_0469.jpg
photo-1634978160062-dbbb1751f786.jpg,image_0470.jpg,train/watermark/image_0470.jpg,train/no-watermark/image_0470.jpg
photo-1636149076015-a7cb13e40ab2.jpg,image_0471.jpg,train/watermark/image_0471.jpg,train/no-watermark/image_0471.jpg
photo-1557100955-93b2fb57c317.jpg,image_0472.jpg,train/watermark/image_0472.jpg,train/no-watermark/image_0472.jpg
photo-1634064415653-ee82705f5451.jpg,image_0473.jpg,train/watermark/image_0473.jpg,train/no-watermark/image_0473.jpg
photo-1637330799332-673ef1648d41.jpg,image_0474.jpg,train/watermark/image_0474.jpg,train/no-watermark/image_0474.jpg
photo-1636032442998-e69650e970bf.jpg,image_0475.jpg,train/watermark/image_0475.jpg,train/no-watermark/image_0475.jpg
photo-1639050641575-2a23d8ca1b36.jpg,image_0476.jpg,train/watermark/image_0476.jpg,train/no-watermark/image_0476.jpg
photo-1638997984488-b430828d0f0d.jpg,image_0477.jpg,train/watermark/image_0477.jpg,train/no-watermark/image_0477.jpg
photo-1580802173430-cc68226a0875.jpg,image_0478.jpg,train/watermark/image_0478.jpg,train/no-watermark/image_0478.jpg
photo-1636145354736-439482e677a5.jpg,image_0479.jpg,train/watermark/image_0479.jpg,train/no-watermark/image_0479.jpg
photo-1564952709561-d596a71309ec.jpg,image_0480.jpg,train/watermark/image_0480.jpg,train/no-watermark/image_0480.jpg
photo-1635967200497-6a83775bf395.jpg,image_0481.jpg,train/watermark/image_0481.jpg,train/no-watermark/image_0481.jpg
photo-1638164668274-62f5aca12298.jpg,image_0482.jpg,train/watermark/image_0482.jpg,train/no-watermark/image_0482.jpg
photo-1636588118142-775d528a61a7.jpg,image_0483.jpg,train/watermark/image_0483.jpg,train/no-watermark/image_0483.jpg
photo-1634588081226-123954b41979.jpg,image_0484.jpg,train/watermark/image_0484.jpg,train/no-watermark/image_0484.jpg
photo-1639034741604-f85d9d1a7c6f.jpg,image_0485.jpg,train/watermark/image_0485.jpg,train/no-watermark/image_0485.jpg
photo-1634990521982-567167cd6955.jpg,image_0486.jpg,train/watermark/image_0486.jpg,train/no-watermark/image_0486.jpg
photo-1636335417031-a66cd74b129d.jpg,image_0487.jpg,train/watermark/image_0487.jpg,train/no-watermark/image_0487.jpg
photo-1637750452992-87153c4b3f65.jpg,image_0488.jpg,train/watermark/image_0488.jpg,train/no-watermark/image_0488.jpg
photo-1637716271380-ac131fc689d4.jpg,image_0489.jpg,train/watermark/image_0489.jpg,train/no-watermark/image_0489.jpg
photo-1638120663372-4a19a1c058bf.jpg,image_0490.jpg,train/watermark/image_0490.jpg,train/no-watermark/image_0490.jpg
photo-1637743965368-263b189397ac.jpg,image_0491.jpg,train/watermark/image_0491.jpg,train/no-watermark/image_0491.jpg
photo-1638824886045-783ca980bf11.jpg,image_0492.jpg,train/watermark/image_0492.jpg,train/no-watermark/image_0492.jpg
photo-1633157953349-75c66213ca2f.jpg,image_0493.jpg,train/watermark/image_0493.jpg,train/no-watermark/image_0493.jpg
photo-1637274315744-3c772a4a1140.jpg,image_0494.jpg,train/watermark/image_0494.jpg,train/no-watermark/image_0494.jpg
photo-1637740000601-71aaf0981bc6.jpg,image_0495.jpg,train/watermark/image_0495.jpg,train/no-watermark/image_0495.jpg
photo-1636207218371-734ad3756098.jpg,image_0496.jpg,train/watermark/image_0496.jpg,train/no-watermark/image_0496.jpg
photo-1637745414307-6171e95160ff.jpg,image_0497.jpg,train/watermark/image_0497.jpg,train/no-watermark/image_0497.jpg
photo-1636402187605-02fd13865485.jpg,image_0498.jpg,train/watermark/image_0498.jpg,train/no-watermark/image_0498.jpg
photo-1635961749515-177ce449cfb2.jpg,image_0499.jpg,train/watermark/image_0499.jpg,train/no-watermark/image_0499.jpg
photo-1635357031846-fe1e959dc428.jpg,image_0500.jpg,train/watermark/image_0500.jpg,train/no-watermark/image_0500.jpg
photo-1635945404768-1c28da9fed7b.jpg,image_0501.jpg,train/watermark/image_0501.jpg,train/no-watermark/image_0501.jpg
photo-1635108007076-47530881e2ac.jpg,image_0502.jpg,train/watermark/image_0502.jpg,train/no-watermark/image_0502.jpg
photo-1636006988787-83d60e19f7e4.jpg,image_0503.jpg,train/watermark/image_0503.jpg,train/no-watermark/image_0503.jpg
photo-1635435581456-18823ecff579.jpg,image_0504.jpg,train/watermark/image_0504.jpg,train/no-watermark/image_0504.jpg
photo-1635702961556-fd45d5aed278.jpg,image_0505.jpg,train/watermark/image_0505.jpg,train/no-watermark/image_0505.jpg
photo-1554151228-14d9def656e4.jpg,image_0506.jpg,train/watermark/image_0506.jpg,train/no-watermark/image_0506.jpg
photo-1636742146345-cab95273c11a.jpg,image_0507.jpg,train/watermark/image_0507.jpg,train/no-watermark/image_0507.jpg
photo-1636059866103-facfd55c3a66.jpg,image_0508.jpg,train/watermark/image_0508.jpg,train/no-watermark/image_0508.jpg
photo-1638041864014-13a7e7862d4b.jpg,image_0509.jpg,train/watermark/image_0509.jpg,train/no-watermark/image_0509.jpg
photo-1637090106163-0288a4fb33d5.jpg,image_0510.jpg,train/watermark/image_0510.jpg,train/no-watermark/image_0510.jpg
photo-1636550880539-dbf8aca1bf71.jpg,image_0511.jpg,train/watermark/image_0511.jpg,train/no-watermark/image_0511.jpg
photo-1628453596411-e696bd660f34.jpg,image_0512.jpg,train/watermark/image_0512.jpg,train/no-watermark/image_0512.jpg
photo-1635481628786-a1e8fc6569f2.jpg,image_0513.jpg,train/watermark/image_0513.jpg,train/no-watermark/image_0513.jpg
photo-1637311252429-634d760e08b2.jpg,image_0514.jpg,train/watermark/image_0514.jpg,train/no-watermark/image_0514.jpg
photo-1631478409245-d8f0e2c7d680.jpg,image_0515.jpg,train/watermark/image_0515.jpg,train/no-watermark/image_0515.jpg
photo-1635488638958-5dd6137f7995.jpg,image_0516.jpg,train/watermark/image_0516.jpg,train/no-watermark/image_0516.jpg
photo-1638992888247-b6b1c1309d87.jpg,image_0517.jpg,train/watermark/image_0517.jpg,train/no-watermark/image_0517.jpg
photo-1636318302022-0eea94e461b8.jpg,image_0518.jpg,train/watermark/image_0518.jpg,train/no-watermark/image_0518.jpg
photo-1636149841788-795891beb81a.jpg,image_0519.jpg,train/watermark/image_0519.jpg,train/no-watermark/image_0519.jpg
photo-1635480180600-1f0413696374.jpg,image_0520.jpg,train/watermark/image_0520.jpg,train/no-watermark/image_0520.jpg
photo-1516746924755-babd21844370.jpg,image_0521.jpg,train/watermark/image_0521.jpg,train/no-watermark/image_0521.jpg
photo-1593642702821-c8da6771f0c6.jpg,image_0522.jpg,train/watermark/image_0522.jpg,train/no-watermark/image_0522.jpg
photo-1638828616477-fe4f7c8c4eed.jpg,image_0523.jpg,train/watermark/image_0523.jpg,train/no-watermark/image_0523.jpg
photo-1638086164779-ee3799dd1da9.jpg,image_0524.jpg,train/watermark/image_0524.jpg,train/no-watermark/image_0524.jpg
photo-1637410130290-a905c3f910e9.jpg,image_0525.jpg,train/watermark/image_0525.jpg,train/no-watermark/image_0525.jpg
photo-1636017333880-6b88ce2c8f3a.jpg,image_0526.jpg,train/watermark/image_0526.jpg,train/no-watermark/image_0526.jpg
photo-1635327901073-25567d227ec8.jpg,image_0527.jpg,train/watermark/image_0527.jpg,train/no-watermark/image_0527.jpg
photo-1638103682270-0d1a4ab00b70.jpg,image_0528.jpg,train/watermark/image_0528.jpg,train/no-watermark/image_0528.jpg
photo-1635979122332-93e6d4c60c23.jpg,image_0529.jpg,train/watermark/image_0529.jpg,train/no-watermark/image_0529.jpg
photo-1633114127188-99b4dd741180.jpg,image_0530.jpg,train/watermark/image_0530.jpg,train/no-watermark/image_0530.jpg
photo-1635965686975-b140d00d3b0d.jpg,image_0531.jpg,train/watermark/image_0531.jpg,train/no-watermark/image_0531.jpg
photo-1634746027343-985ad425b8b5.jpg,image_0532.jpg,train/watermark/image_0532.jpg,train/no-watermark/image_0532.jpg
photo-1635990215165-9f03a3c06d93.jpg,image_0533.jpg,train/watermark/image_0533.jpg,train/no-watermark/image_0533.jpg
photo-1638088636176-591de4dc9287.jpg,image_0534.jpg,train/watermark/image_0534.jpg,train/no-watermark/image_0534.jpg
photo-1514517220017-8ce97a34a7b6.jpg,image_0535.jpg,train/watermark/image_0535.jpg,train/no-watermark/image_0535.jpg
photo-1637354563042-9a1d26500ff5.jpg,image_0536.jpg,train/watermark/image_0536.jpg,train/no-watermark/image_0536.jpg
photo-1536329583941-14287ec6fc4e.jpg,image_0537.jpg,train/watermark/image_0537.jpg,train/no-watermark/image_0537.jpg
photo-1464695110811-dcf3903dc2f4.jpg,image_0538.jpg,train/watermark/image_0538.jpg,train/no-watermark/image_0538.jpg
photo-1635769164935-636873ed8eb1.jpg,image_0539.jpg,train/watermark/image_0539.jpg,train/no-watermark/image_0539.jpg
photo-1633114128174-2f8aa49759b0.jpg,image_0540.jpg,train/watermark/image_0540.jpg,train/no-watermark/image_0540.jpg
photo-1637756520113-e42adcfc83ab.jpg,image_0541.jpg,train/watermark/image_0541.jpg,train/no-watermark/image_0541.jpg
photo-1622028715355-ec58f12a7f9c.jpg,image_0542.jpg,train/watermark/image_0542.jpg,train/no-watermark/image_0542.jpg
photo-1610112260132-ea7495ef1b61.jpg,image_0543.jpg,train/watermark/image_0543.jpg,train/no-watermark/image_0543.jpg
photo-1508138221679-760a23a2285b.jpg,image_0544.jpg,train/watermark/image_0544.jpg,train/no-watermark/image_0544.jpg
photo-1637452313272-9f5855b5f2bc.jpg,image_0545.jpg,train/watermark/image_0545.jpg,train/no-watermark/image_0545.jpg
photo-1637058885909-98f91e78e9b5.jpg,image_0546.jpg,train/watermark/image_0546.jpg,train/no-watermark/image_0546.jpg
photo-1636158926664-121bd598e8a7.jpg,image_0547.jpg,train/watermark/image_0547.jpg,train/no-watermark/image_0547.jpg
photo-1581798269145-7512508289b9.jpg,image_0548.jpg,train/watermark/image_0548.jpg,train/no-watermark/image_0548.jpg
photo-1629897068815-93f9857b872f.jpg,image_0549.jpg,train/watermark/image_0549.jpg,train/no-watermark/image_0549.jpg
photo-1595397351604-cf490cc38bf1.jpg,image_0550.jpg,train/watermark/image_0550.jpg,train/no-watermark/image_0550.jpg
photo-1549867679-8f092bfe5329.jpg,image_0551.jpg,train/watermark/image_0551.jpg,train/no-watermark/image_0551.jpg
photo-1636136607958-e2e0adfaa34c.jpg,image_0552.jpg,train/watermark/image_0552.jpg,train/no-watermark/image_0552.jpg
photo-1636145411033-41bb1b898d5c.jpg,image_0553.jpg,train/watermark/image_0553.jpg,train/no-watermark/image_0553.jpg
photo-1636033105899-b18d32211913.jpg,image_0554.jpg,train/watermark/image_0554.jpg,train/no-watermark/image_0554.jpg
photo-1625604479008-e1bf71297898.jpg,image_0555.jpg,train/watermark/image_0555.jpg,train/no-watermark/image_0555.jpg
photo-1511066561711-5a67745b6134.jpg,image_0556.jpg,train/watermark/image_0556.jpg,train/no-watermark/image_0556.jpg
photo-1572303019843-8b5e58984d4e.jpg,image_0557.jpg,train/watermark/image_0557.jpg,train/no-watermark/image_0557.jpg
photo-1639046033583-390653f5c09a.jpg,image_0558.jpg,train/watermark/image_0558.jpg,train/no-watermark/image_0558.jpg
photo-1516705132691-90229160e57d.jpg,image_0559.jpg,train/watermark/image_0559.jpg,train/no-watermark/image_0559.jpg
photo-1635250576368-9177a91f6697.jpg,image_0560.jpg,train/watermark/image_0560.jpg,train/no-watermark/image_0560.jpg
photo-1554587293-d010b477b5a4.jpg,image_0561.jpg,train/watermark/image_0561.jpg,train/no-watermark/image_0561.jpg
photo-1571816119607-57e48af1caa9.jpg,image_0562.jpg,train/watermark/image_0562.jpg,train/no-watermark/image_0562.jpg
photo-1547574677-78ac9141ed6a.jpg,image_0563.jpg,train/watermark/image_0563.jpg,train/no-watermark/image_0563.jpg
photo-1634274684750-450032cefa7a.jpg,image_0564.jpg,train/watermark/image_0564.jpg,train/no-watermark/image_0564.jpg
photo-1637248921272-55cb27d12a31.jpg,image_0565.jpg,train/watermark/image_0565.jpg,train/no-watermark/image_0565.jpg
photo-1638984849670-7f41daa1ba6c.jpg,image_0566.jpg,train/watermark/image_0566.jpg,train/no-watermark/image_0566.jpg
photo-1638074645949-0f1383f6ccee.jpg,image_0567.jpg,train/watermark/image_0567.jpg,train/no-watermark/image_0567.jpg
photo-1635330409777-b3535af024ee.jpg,image_0568.jpg,train/watermark/image_0568.jpg,train/no-watermark/image_0568.jpg
photo-1637076530012-b2443f5fecef.jpg,image_0569.jpg,train/watermark/image_0569.jpg,train/no-watermark/image_0569.jpg
photo-1637298229921-c193d49cafb4.jpg,image_0570.jpg,train/watermark/image_0570.jpg,train/no-watermark/image_0570.jpg
photo-1636307780559-c876ff1ef9b0.jpg,image_0571.jpg,train/watermark/image_0571.jpg,train/no-watermark/image_0571.jpg
photo-1634654422250-9f4526b8453c.jpg,image_0572.jpg,train/watermark/image_0572.jpg,train/no-watermark/image_0572.jpg
photo-1637766652059-af65a50715eb.jpg,image_0573.jpg,train/watermark/image_0573.jpg,train/no-watermark/image_0573.jpg
photo-1638063761244-57fee5d1d1f8.jpg,image_0574.jpg,train/watermark/image_0574.jpg,train/no-watermark/image_0574.jpg
photo-1631912757195-5abf3e3b9384.jpg,image_0575.jpg,train/watermark/image_0575.jpg,train/no-watermark/image_0575.jpg
photo-1497034825429-c343d7c6a68f.jpg,image_0576.jpg,train/watermark/image_0576.jpg,train/no-watermark/image_0576.jpg
photo-1574387313309-7c2292978b8c.jpg,image_0577.jpg,train/watermark/image_0577.jpg,train/no-watermark/image_0577.jpg
photo-1636038236932-42d8ce006707.jpg,image_0578.jpg,train/watermark/image_0578.jpg,train/no-watermark/image_0578.jpg
photo-1634315100046-b7aef36eaa22.jpg,image_0579.jpg,train/watermark/image_0579.jpg,train/no-watermark/image_0579.jpg
photo-1633556416720-b5374b99f47a.jpg,image_0580.jpg,train/watermark/image_0580.jpg,train/no-watermark/image_0580.jpg
photo-1635273439931-07f24478bec5.jpg,image_0581.jpg,train/watermark/image_0581.jpg,train/no-watermark/image_0581.jpg
photo-1635089997590-64c4f086642e.jpg,image_0582.jpg,train/watermark/image_0582.jpg,train/no-watermark/image_0582.jpg
photo-1635505290386-1c01faedd8c0.jpg,image_0583.jpg,train/watermark/image_0583.jpg,train/no-watermark/image_0583.jpg
photo-1637722873821-3196d8c0f74f.jpg,image_0584.jpg,train/watermark/image_0584.jpg,train/no-watermark/image_0584.jpg
photo-1636361479581-5ab1a7a72beb.jpg,image_0585.jpg,train/watermark/image_0585.jpg,train/no-watermark/image_0585.jpg
photo-1637250060437-eaad0291deff.jpg,image_0586.jpg,train/watermark/image_0586.jpg,train/no-watermark/image_0586.jpg
photo-1635593702027-9259302009e4.jpg,image_0587.jpg,train/watermark/image_0587.jpg,train/no-watermark/image_0587.jpg
photo-1637102838597-c569a52e6597.jpg,image_0588.jpg,train/watermark/image_0588.jpg,train/no-watermark/image_0588.jpg
photo-1635993522806-a9998e360804.jpg,image_0589.jpg,train/watermark/image_0589.jpg,train/no-watermark/image_0589.jpg
photo-1636205676986-8ad0081a792d.jpg,image_0590.jpg,train/watermark/image_0590.jpg,train/no-watermark/image_0590.jpg
photo-1632207383665-01e79c402af6.jpg,image_0591.jpg,train/watermark/image_0591.jpg,train/no-watermark/image_0591.jpg
photo-1541958409-7618fd1ad26e.jpg,image_0592.jpg,train/watermark/image_0592.jpg,train/no-watermark/image_0592.jpg
photo-1593642633279-1796119d5482.jpg,image_0593.jpg,train/watermark/image_0593.jpg,train/no-watermark/image_0593.jpg
photo-1638164659039-77870de9637b.jpg,image_0594.jpg,train/watermark/image_0594.jpg,train/no-watermark/image_0594.jpg
photo-1635977358539-acdac811214a.jpg,image_0595.jpg,train/watermark/image_0595.jpg,train/no-watermark/image_0595.jpg
photo-1575489272413-cb506258027e.jpg,image_0596.jpg,train/watermark/image_0596.jpg,train/no-watermark/image_0596.jpg
photo-1636022250354-fab41ffa27de.jpg,image_0597.jpg,train/watermark/image_0597.jpg,train/no-watermark/image_0597.jpg
photo-1635867238567-211a7b61ce40.jpg,image_0598.jpg,train/watermark/image_0598.jpg,train/no-watermark/image_0598.jpg
photo-1633113093730-47449a1a9c6e.jpg,image_0599.jpg,train/watermark/image_0599.jpg,train/no-watermark/image_0599.jpg
photo-1636185214587-057d5b5e30dc.jpg,image_0600.jpg,train/watermark/image_0600.jpg,train/no-watermark/image_0600.jpg
photo-1635438418767-a55edfc8a2d4.jpg,image_0601.jpg,train/watermark/image_0601.jpg,train/no-watermark/image_0601.jpg
photo-1606772108903-340d99f0cb4f.jpg,image_0602.jpg,train/watermark/image_0602.jpg,train/no-watermark/image_0602.jpg
photo-1518156959312-07a5380c1261.jpg,image_0603.jpg,train/watermark/image_0603.jpg,train/no-watermark/image_0603.jpg
photo-1629398395264-c3f4a95bcbb4.jpg,image_0604.jpg,train/watermark/image_0604.jpg,train/no-watermark/image_0604.jpg
photo-1636857686493-e4342ef6d62b.jpg,image_0605.jpg,train/watermark/image_0605.jpg,train/no-watermark/image_0605.jpg
photo-1636333134183-e27836b3d4be.jpg,image_0606.jpg,train/watermark/image_0606.jpg,train/no-watermark/image_0606.jpg
photo-1634232037688-af05e5546c5e.jpg,image_0607.jpg,train/watermark/image_0607.jpg,train/no-watermark/image_0607.jpg
photo-1637449011677-e5c1117422c0.jpg,image_0608.jpg,train/watermark/image_0608.jpg,train/no-watermark/image_0608.jpg
photo-1632197853542-cae243b49062.jpg,image_0609.jpg,train/watermark/image_0609.jpg,train/no-watermark/image_0609.jpg
photo-1635206936639-a81691418fbf.jpg,image_0610.jpg,train/watermark/image_0610.jpg,train/no-watermark/image_0610.jpg
photo-1636517521239-4bb86552dfb3.jpg,image_0611.jpg,train/watermark/image_0611.jpg,train/no-watermark/image_0611.jpg
photo-1636445609244-0534808125ff.jpg,image_0612.jpg,train/watermark/image_0612.jpg,train/no-watermark/image_0612.jpg
photo-1639005747853-ab4b8e22b35a.jpg,image_0613.jpg,train/watermark/image_0613.jpg,train/no-watermark/image_0613.jpg
photo-1638108715699-eb983bcfa53e.jpg,image_0614.jpg,train/watermark/image_0614.jpg,train/no-watermark/image_0614.jpg
photo-1637439011095-8bd0bebc7223.jpg,image_0615.jpg,train/watermark/image_0615.jpg,train/no-watermark/image_0615.jpg
photo-1635876988521-35f66cda80ab.jpg,image_0616.jpg,train/watermark/image_0616.jpg,train/no-watermark/image_0616.jpg
photo-1544726368-8f4b5475a7e4.jpg,image_0617.jpg,train/watermark/image_0617.jpg,train/no-watermark/image_0617.jpg
photo-1635768883237-1bb8cc584978.jpg,image_0618.jpg,train/watermark/image_0618.jpg,train/no-watermark/image_0618.jpg
photo-1636482095080-4033a0cd51de.jpg,image_0619.jpg,train/watermark/image_0619.jpg,train/no-watermark/image_0619.jpg
photo-1633113215719-e9cc39f594b2 (1).jpg,image_0620.jpg,train/watermark/image_0620.jpg,train/no-watermark/image_0620.jpg
photo-1636126176840-c61d03604424.jpg,image_0621.jpg,train/watermark/image_0621.jpg,train/no-watermark/image_0621.jpg
photo-1637479758719-a8f1241435e8.jpg,image_0622.jpg,train/watermark/image_0622.jpg,train/no-watermark/image_0622.jpg
photo-1485470733090-0aae1788d5af.jpg,image_0623.jpg,train/watermark/image_0623.jpg,train/no-watermark/image_0623.jpg
photo-1638991933262-742d053687e6.jpg,image_0624.jpg,train/watermark/image_0624.jpg,train/no-watermark/image_0624.jpg
photo-1636148851950-5cf659c66ef1.jpg,image_0625.jpg,train/watermark/image_0625.jpg,train/no-watermark/image_0625.jpg
photo-1633113088942-99089f4abffa.jpg,image_0626.jpg,train/watermark/image_0626.jpg,train/no-watermark/image_0626.jpg
photo-1621001214537-a61cb5302e73.jpg,image_0627.jpg,train/watermark/image_0627.jpg,train/no-watermark/image_0627.jpg
photo-1636118155446-e9ec9187aa1f.jpg,image_0628.jpg,train/watermark/image_0628.jpg,train/no-watermark/image_0628.jpg
photo-1637717256696-a0204d03a8fe.jpg,image_0629.jpg,train/watermark/image_0629.jpg,train/no-watermark/image_0629.jpg
photo-1638171858053-fe173eabc49c.jpg,image_0630.jpg,train/watermark/image_0630.jpg,train/no-watermark/image_0630.jpg
photo-1633113211800-4acbb59fc254.jpg,image_0631.jpg,train/watermark/image_0631.jpg,train/no-watermark/image_0631.jpg
photo-1634312977603-af4396eb24cb.jpg,image_0632.jpg,train/watermark/image_0632.jpg,train/no-watermark/image_0632.jpg
photo-1635345825088-98068082ca5e.jpg,image_0633.jpg,train/watermark/image_0633.jpg,train/no-watermark/image_0633.jpg
photo-1622927101721-c9315c019a25.jpg,image_0634.jpg,train/watermark/image_0634.jpg,train/no-watermark/image_0634.jpg
photo-1524758631624-e2822e304c36 (1).jpg,image_0635.jpg,train/watermark/image_0635.jpg,train/no-watermark/image_0635.jpg
photo-1636038301178-0534cabba3db.jpg,image_0636.jpg,train/watermark/image_0636.jpg,train/no-watermark/image_0636.jpg
photo-1578663300016-461177ffd732.jpg,image_0637.jpg,train/watermark/image_0637.jpg,train/no-watermark/image_0637.jpg
photo-1588272947905-24bec36c176d.jpg,image_0638.jpg,train/watermark/image_0638.jpg,train/no-watermark/image_0638.jpg
photo-1576567559946-60e4729da9f8.jpg,image_0639.jpg,train/watermark/image_0639.jpg,train/no-watermark/image_0639.jpg
photo-1635057633867-bbb11bd336b3.jpg,image_0640.jpg,train/watermark/image_0640.jpg,train/no-watermark/image_0640.jpg
photo-1635955739768-896887642f4e.jpg,image_0641.jpg,train/watermark/image_0641.jpg,train/no-watermark/image_0641.jpg
